Job Number,Job Title,Institution,URL,payment,financial,transaction,customer,manage,trade,risk,platform,digital,technology,insurance,investment,market,bank,asset,economic,data,capital,regulatory,business,service,institution,equity,lending,user,automate,system,fund,identity,information,infrastructure,fintech,product,global,model,solution,crowdfunding,future,innovation,industry,network,contract,uncertainty,credit,development,attribute,loan,security,forum,cost,authentication,analytic,ledger,ecosystem,liquidity,intermediaries,process,legal,distributed,firm,online,experience,quantitative,loss,entity,revenue,settlement,operation,bitcoin,cloud,retail,blockchain,governance,bond,validation,share,project,cryptocurrency,wealth,fraud,venture,customization,diligence,order,algorithmic,collateral,liability,audit,framework,api,strategy,demand,developer,mobile,account,ai,license,sales,policy,tax
33,Wealth Management US PAG - Team Leader,JP Morgan,https://jobs.jpmorganchase.com/ShowJob/Id/200943/Wealth-Management-US-PAG-Team-Leader/,0,5,0,0,17,0,0,0,0,0,0,8,3,21,10,0,1,1,1,8,8,2,0,0,0,0,0,1,0,0,0,0,5,3,0,4,0,0,0,0,0,0,0,1,2,0,2,0,0,0,0,1,0,0,0,0,0,0,0,3,0,3,1,0,0,0,0,1,0,0,1,0,0,0,0,0,0,0,14,0,0,0,0,0,0,0,0,0,0,2,0,0,0,0,3,6,0,0,0,0
186,Wealth Management - Multi-Asset Portfolio Manager  ED,JP Morgan,https://jobs.jpmorganchase.com/ShowJob/Id/141526/Wealth-Management-Multi-Asset-Portfolio-Manager -ED/,0,7,0,0,22,0,1,0,0,0,0,10,3,25,14,0,0,1,2,9,8,2,0,0,0,0,0,2,0,0,0,0,4,5,0,4,0,0,0,0,1,0,0,2,1,0,2,0,0,0,0,0,0,0,0,0,0,0,0,3,0,4,0,0,0,0,0,2,0,0,1,0,0,0,0,0,0,0,18,0,0,0,0,0,0,0,0,0,0,2,0,0,0,0,3,7,0,2,0,0
188,Wealth Management - Multi-Asset Investment Research  Associate,JP Morgan,https://jobs.jpmorganchase.com/ShowJob/Id/194033/Wealth-Management-Multi-Asset-Investment-Research -Associate/,0,4,0,0,29,0,0,1,0,0,0,7,1,12,14,0,1,1,1,2,4,1,3,0,0,0,0,0,0,1,0,0,2,5,1,1,0,0,0,3,1,0,0,3,0,1,0,0,0,0,0,1,0,0,0,0,1,0,0,3,0,3,1,0,0,0,0,1,0,0,0,0,0,0,0,0,0,0,12,0,0,0,0,0,0,0,0,0,0,1,3,0,0,0,0,5,0,0,0,1
189,Wealth Management - Mortgage MIS - Team Leader,JP Morgan,https://jobs.jpmorganchase.com/ShowJob/Id/195502/Wealth-Management-Mortgage-MIS-Team-Leader/,0,1,0,0,33,1,5,2,0,1,0,12,2,0,13,0,0,1,2,18,2,1,2,0,0,0,0,6,0,1,0,0,4,5,1,9,0,0,1,0,0,0,0,0,0,1,0,0,1,0,0,0,0,0,0,0,2,2,0,0,0,3,0,0,0,0,0,3,0,0,1,0,0,0,0,0,4,0,7,0,0,0,2,0,0,0,0,2,1,1,3,1,0,0,4,5,0,1,0,0
232,Wealth Management - Fundamental Credit Analyst - Customized Taxable Portfolios  VP/ED,JP Morgan,https://jobs.jpmorganchase.com/ShowJob/Id/194644/Wealth-Management-Fundamental-Credit-Analyst-Customized-Taxable-Portfolios -VP-ED/,0,5,0,0,32,0,1,0,0,0,0,3,0,11,10,0,0,0,1,9,17,2,0,0,0,0,0,5,0,0,0,0,1,2,1,3,0,1,0,0,0,1,0,2,1,0,0,0,0,0,0,0,0,0,0,0,1,0,0,2,0,5,0,0,0,0,0,8,0,0,1,0,0,0,0,0,0,0,14,0,0,0,1,1,0,0,0,3,2,0,0,0,0,0,2,7,0,0,0,0
302,Wealth Management | U.S. Private Bank | Client Service Fraud Prevention Analyst,JP Morgan,https://jobs.jpmorganchase.com/ShowJob/Id/194753/Wealth-Management-|-U.S.-Private-Bank-|-Client-Service-Fraud-Prevention-Analyst/,0,5,0,0,17,0,0,0,0,0,0,8,2,20,9,0,1,1,1,8,8,2,0,0,0,0,0,1,0,0,0,0,5,3,0,4,0,0,0,0,0,0,0,1,2,0,2,0,0,0,0,1,0,0,0,0,0,0,0,3,0,3,1,0,0,0,0,1,0,0,1,0,0,0,0,0,0,0,15,0,0,0,0,0,0,0,0,0,0,2,0,0,0,0,3,6,0,0,0,0
350,Wealth Management  Onboarding Officer  Associate/Vice President,JP Morgan,https://jobs.jpmorganchase.com/ShowJob/Id/183039/Wealth-Management -Onboarding-Officer -Associate-Vice-President/,0,3,1,1,16,0,1,2,0,0,0,24,9,9,16,0,0,0,1,6,8,3,1,0,0,0,0,5,0,0,0,0,9,5,0,4,0,0,1,0,0,0,0,0,1,0,2,0,1,0,0,1,0,0,0,1,0,0,0,5,0,3,0,0,0,0,0,1,0,0,2,0,0,0,0,0,0,0,7,0,0,0,1,1,0,0,0,0,0,0,1,0,0,0,1,3,0,2,0,0
351,Wealth Management  MIS Senior Application/Reporting Developer  Vice President,JP Morgan,https://jobs.jpmorganchase.com/ShowJob/Id/189025/Wealth-Management -MIS-Senior-Application-Reporting-Developer -Vice-President/,0,3,1,1,18,0,0,0,0,0,0,12,5,14,16,0,0,0,1,6,7,2,2,0,0,0,0,4,0,0,0,0,9,4,0,5,0,0,1,0,0,0,0,1,0,0,1,1,0,0,0,1,0,0,0,0,0,0,0,3,0,2,0,0,0,0,0,1,0,0,1,0,0,1,0,0,0,0,11,0,0,0,0,0,0,0,0,0,0,0,1,0,0,0,0,2,0,1,0,0
367,Wealth Management  Hong Kong Team  Banker Assistant,JP Morgan,https://jobs.jpmorganchase.com/ShowJob/Id/182640/Wealth-Management -Hong-Kong-Team -Banker-Assistant/,0,2,3,0,24,0,3,1,0,0,0,8,3,14,4,0,2,0,0,2,24,1,0,0,0,0,4,4,0,4,0,0,12,3,3,2,0,0,0,0,1,0,0,3,2,0,2,0,0,0,0,0,0,0,1,0,4,0,0,3,0,8,0,0,0,0,1,6,0,0,2,0,0,0,0,0,5,0,7,0,0,0,0,1,0,0,0,0,1,0,0,1,0,0,1,10,0,0,0,1
377,Wealth Management  Control Manager  Associate,JP Morgan,https://jobs.jpmorganchase.com/ShowJob/Id/187528/Wealth-Management -Control-Manager -Associate/,0,10,2,0,10,0,0,0,0,0,0,6,2,20,6,0,2,4,8,4,4,2,0,0,0,0,2,4,0,0,0,0,0,6,0,6,0,0,0,0,0,0,0,0,0,0,0,0,0,4,0,2,0,0,2,0,2,6,0,4,0,6,0,0,2,2,0,4,0,0,0,0,0,0,0,0,0,0,6,0,0,0,0,0,0,2,0,2,0,4,0,0,0,0,8,8,0,0,0,0
378,Wealth Management  Control Management  Control Program Team  Analyst,JP Morgan,https://jobs.jpmorganchase.com/ShowJob/Id/199362/Wealth-Management -Control-Management -Control-Program-Team--Analyst/,0,10,2,0,10,0,0,0,0,0,0,6,2,20,6,0,2,4,8,4,4,2,0,0,0,0,2,4,0,0,0,0,0,6,0,6,0,0,0,0,0,0,0,0,0,0,0,0,0,4,0,2,0,0,2,0,2,6,0,4,0,6,0,0,2,2,0,4,0,0,0,0,0,0,0,0,0,0,6,0,0,0,0,0,0,2,0,2,0,4,0,0,0,0,8,8,0,0,0,0
442,VP  Data Scientist - Branch Lead Quality & Optimization,JP Morgan,https://jobs.jpmorganchase.com/ShowJob/Id/190241/VP -Data-Scientist-Branch-Lead-Quality-Optimization/,0,5,1,0,13,1,1,1,0,0,0,2,3,13,2,0,0,0,0,12,16,1,1,0,0,0,1,0,0,0,0,0,6,5,1,9,0,0,1,4,2,0,0,2,4,0,0,0,0,0,0,0,0,0,2,0,3,0,0,2,0,1,0,0,0,6,0,1,0,0,0,0,0,0,0,0,0,0,0,0,0,0,0,0,0,0,0,0,1,0,0,0,0,0,2,4,0,8,0,0
443,VP  Data Scientist - Branch Lead Quality & Optimization,JP Morgan,https://jobs.jpmorganchase.com/ShowJob/Id/190240/VP -Data-Scientist-Branch-Lead-Quality-Optimization/,0,5,1,0,13,1,1,1,0,0,0,2,3,14,2,0,0,0,0,12,14,1,1,0,0,0,1,0,0,0,0,0,7,5,1,12,0,0,1,5,2,0,0,2,4,0,0,0,0,0,0,0,0,0,2,0,3,0,0,2,0,1,0,0,0,6,0,1,0,0,0,0,0,0,0,0,0,0,0,0,0,0,0,0,0,0,0,0,1,0,0,0,0,0,2,4,0,9,0,0
444,VP  Data Scientist - Branch Lead Quality & Optimization,JP Morgan,https://jobs.jpmorganchase.com/ShowJob/Id/190239/VP -Data-Scientist-Branch-Lead-Quality-Optimization/,0,5,1,0,13,1,1,1,0,0,0,2,3,14,2,0,0,0,0,12,14,1,1,0,0,0,1,0,0,0,0,0,7,5,1,12,0,0,1,5,2,0,0,2,4,0,0,0,0,0,0,0,0,0,2,0,3,0,0,2,0,1,0,0,0,6,0,1,0,0,0,0,0,0,0,0,0,0,0,0,0,0,0,0,0,0,0,0,1,0,0,0,0,0,2,4,0,9,0,0
445,VP  Data Scientist,JP Morgan,https://jobs.jpmorganchase.com/ShowJob/Id/168618/VP -Data-Scientist/,0,5,1,0,13,1,1,1,0,0,0,2,3,14,2,0,0,0,0,12,14,1,1,0,0,0,1,0,0,0,0,0,7,5,1,12,0,0,1,5,2,0,0,2,4,0,0,0,0,0,0,0,0,0,2,0,3,0,0,2,0,1,0,0,0,6,0,1,0,0,0,0,0,0,0,0,0,0,0,0,0,0,0,0,0,0,0,0,1,0,0,0,0,0,2,4,0,9,0,0
446,VP  Data Scientist,JP Morgan,https://jobs.jpmorganchase.com/ShowJob/Id/175982/VP -Data-Scientist/,0,6,1,0,11,1,2,1,0,0,0,2,8,14,2,0,0,2,0,9,16,1,1,0,0,0,0,0,0,0,0,0,7,5,1,7,0,0,0,7,1,0,0,3,3,0,0,0,0,0,0,0,0,0,2,0,3,0,0,2,0,2,0,0,0,6,0,1,0,0,0,0,0,0,0,0,0,0,0,0,0,0,0,0,0,0,0,0,1,2,0,0,0,0,1,5,0,3,0,0
447,VP  Cybersecurity Playbook Advisor,JP Morgan,https://jobs.jpmorganchase.com/ShowJob/Id/198528/VP -Cybersecurity-Playbook-Advisor/,0,6,1,0,11,1,2,1,0,0,0,2,8,14,2,0,0,2,0,9,16,1,1,0,0,0,0,0,0,0,0,0,7,5,1,7,0,0,0,7,1,0,0,3,3,0,0,2,0,0,0,0,0,0,2,0,3,0,0,2,0,2,0,0,0,6,0,1,0,0,0,0,0,0,0,0,0,0,0,0,0,0,0,0,0,0,0,0,1,2,0,0,0,0,1,5,0,3,0,0
475,Vice President- Party Reference Data Product Hyderabad,JP Morgan,https://jobs.jpmorganchase.com/ShowJob/Id/200033/Vice-President-Party-Reference-Data-Product-Hyderabad/,4,5,1,1,7,1,0,2,0,0,0,2,1,12,2,0,0,1,0,4,11,1,1,0,0,0,0,0,0,0,0,0,7,5,1,12,0,0,1,4,2,0,0,1,2,0,0,0,0,0,0,0,0,0,2,0,3,0,1,3,1,1,0,0,0,3,0,2,0,0,0,0,0,0,0,0,0,0,0,0,0,0,0,0,0,0,0,0,0,1,1,0,0,0,1,3,0,7,0,0
476,Vice President or Executive Director  Commercial Banker- Middle Market & Specialized Industries - Technology  Life Sciences and Emerging Growth Company Coverage -Toronto,JP Morgan,https://jobs.jpmorganchase.com/ShowJob/Id/155365/Vice-President-or-Executive-Director -Commercial-Banker-Middle-Market-Specialized-Industries-Technology -Life-Sciences-and-Emerging-Growth-Company-Coverage-Toronto/,4,5,1,1,7,1,0,2,0,0,0,2,1,12,2,0,0,1,0,4,11,1,1,0,0,0,0,0,0,0,0,0,7,5,1,12,0,0,1,4,2,0,0,1,2,0,0,0,0,0,0,0,0,0,2,0,3,0,1,3,1,1,0,0,0,3,0,2,0,0,0,0,0,0,0,0,0,0,0,0,0,0,0,0,0,0,0,0,0,1,1,0,0,0,1,3,0,7,0,0
486,Vice President CTC- Liquidity Risk,JP Morgan,https://jobs.jpmorganchase.com/ShowJob/Id/201186/Vice-President-CTC-Liquidity-Risk/,0,4,1,0,9,0,0,0,0,0,0,8,3,29,1,0,0,1,1,6,8,0,0,0,0,0,0,0,0,0,0,0,7,0,0,1,0,0,0,1,1,0,0,7,1,0,1,0,0,0,0,1,0,0,0,0,0,0,0,0,0,4,0,0,0,1,0,0,0,0,0,0,0,0,0,0,0,0,1,0,0,0,0,0,0,0,0,0,0,1,0,0,0,0,0,6,1,3,0,0
549,User Experience (UX) Designer,JP Morgan,https://jobs.jpmorganchase.com/ShowJob/Id/186098/User-Experience-(UX)-Designer/,8,2,1,0,11,0,4,0,0,0,0,3,2,7,1,0,2,2,0,4,14,3,0,0,0,0,1,1,0,2,0,0,15,5,0,5,0,0,0,0,0,0,0,2,2,0,0,0,0,0,0,2,0,0,9,0,3,0,0,0,0,1,1,0,0,2,4,3,0,0,0,0,3,0,1,0,1,0,0,0,0,0,0,1,0,0,0,0,0,2,1,0,0,0,0,4,0,2,0,0
554,UI Software Engineer - React/AngularJS - Prime Brokerage,JP Morgan,https://jobs.jpmorganchase.com/ShowJob/Id/185099/UI-Software-Engineer-React-AngularJS-Prime-Brokerage/,0,6,1,1,9,1,0,1,0,0,0,2,2,10,2,0,0,1,0,1,10,1,1,0,0,0,0,0,0,0,0,0,6,5,2,14,0,0,0,3,2,0,0,1,0,0,0,0,0,1,0,1,0,0,2,0,2,0,0,4,0,2,1,0,0,2,0,1,0,0,0,0,0,0,0,0,0,0,0,0,0,0,0,1,0,0,0,0,0,1,0,0,0,0,3,3,0,8,0,0
587,Treasury Services- Data Product Specialist  Analyst/Associate,JP Morgan,https://jobs.jpmorganchase.com/ShowJob/Id/177561/Treasury-Services-Data-Product-Specialist -Analyst-Associate/,0,4,1,0,13,1,1,1,0,0,0,1,11,11,2,0,0,1,0,12,10,1,1,0,0,0,1,0,0,0,0,0,6,5,1,10,0,0,1,6,2,0,0,2,4,0,0,0,0,0,0,0,0,0,2,0,3,0,0,2,0,1,0,0,0,5,0,1,0,0,0,0,0,0,0,0,0,0,0,0,0,0,0,0,0,0,0,0,1,1,0,0,0,0,1,5,0,4,0,0
588,Treasury Services  Client Analytics  Data Visualization  Associate,JP Morgan,https://jobs.jpmorganchase.com/ShowJob/Id/201181/Treasury-Services--Client-Analytics--Data-Visualization--Associate/,0,4,1,0,13,1,1,1,0,0,0,1,11,11,2,0,0,1,0,12,9,1,1,0,0,0,1,0,0,0,0,0,6,5,1,13,0,0,1,6,2,0,0,2,4,0,0,0,0,0,0,0,0,0,2,0,3,0,0,2,0,1,0,0,0,5,0,1,0,0,0,0,0,0,0,0,0,0,0,0,0,0,0,0,0,0,0,0,1,1,0,0,0,0,1,5,0,4,0,0
1231,Technology for Social Good   CFG SH Youth Program Manager  India (Bengaluru) - Associate,JP Morgan,https://jobs.jpmorganchase.com/ShowJob/Id/196696/Technology-for-Social-Good--CFG-SH-Youth-Program-Manager--India-(Bengaluru)-Associate/,0,9,3,0,15,0,0,1,0,3,0,4,2,8,6,0,0,0,0,8,7,3,0,0,0,0,11,0,0,1,0,0,1,8,0,3,0,0,0,0,0,0,0,0,0,0,0,20,0,0,0,0,0,0,0,1,4,0,0,4,0,2,0,0,0,0,0,10,0,0,0,0,0,0,0,0,1,0,1,0,0,0,0,2,0,0,0,1,0,0,0,0,0,0,3,18,0,0,1,0
1232,Technology Data Management Project Lead  VP,JP Morgan,https://jobs.jpmorganchase.com/ShowJob/Id/199290/Technology-Data-Management-Project-Lead -VP/,0,9,3,0,15,0,0,1,0,3,0,4,2,8,6,0,0,0,0,8,7,3,0,0,0,0,11,0,0,1,0,0,1,8,0,3,0,0,0,0,0,0,0,0,0,0,0,20,0,0,0,0,0,0,0,1,4,0,0,4,0,2,0,0,0,0,0,10,0,0,0,0,0,0,0,0,1,0,1,0,0,0,0,2,0,0,0,1,0,0,0,0,0,0,3,18,0,0,1,0
1266,Technical Business Analyst - Associate - Glasgow,JP Morgan,https://jobs.jpmorganchase.com/ShowJob/Id/194867/Technical-Business-Analyst-Associate-Glasgow/,1,3,0,0,16,0,3,0,0,15,0,3,2,0,2,0,4,0,0,11,13,1,0,0,0,0,0,0,0,1,7,0,4,6,0,3,0,0,1,1,0,0,0,0,2,1,0,3,0,9,0,2,0,0,0,0,3,1,0,1,0,4,1,0,0,0,0,1,0,1,0,0,1,0,1,2,5,0,0,0,0,0,0,0,0,1,0,1,3,1,6,3,0,1,5,13,0,0,1,0
1401,Sr Home Lending Advisor - Broadway & 61st   NY,JP Morgan,https://jobs.jpmorganchase.com/ShowJob/Id/190442/Sr-Home-Lending-Advisor-Broadway-61st- -NY/,0,8,4,3,8,0,13,0,0,2,0,3,3,15,5,0,0,0,0,19,7,3,0,0,0,0,0,0,0,2,0,0,1,6,1,1,0,0,0,1,0,0,0,11,0,0,4,0,0,0,0,1,0,0,0,1,2,1,0,3,0,1,0,1,0,0,0,4,0,0,0,0,0,0,0,0,0,0,2,0,0,0,0,0,0,0,0,2,0,0,0,0,0,0,4,7,0,0,0,0
1831,Software Engineering_VP,JP Morgan,https://jobs.jpmorganchase.com/ShowJob/Id/198812/Software-Engineering_VP/,0,12,4,0,8,0,0,0,2,10,0,6,4,12,8,0,4,0,0,20,12,4,0,0,2,0,0,0,0,0,0,0,2,12,0,4,0,0,0,2,0,0,0,0,0,0,0,0,0,0,0,4,0,0,0,2,4,0,0,6,0,0,0,0,0,0,0,8,0,0,0,0,0,0,0,0,0,0,2,0,0,0,0,0,0,0,0,2,0,0,0,0,0,0,2,2,0,0,0,0
1832,Software Engineering_VP,JP Morgan,https://jobs.jpmorganchase.com/ShowJob/Id/197568/Software-Engineering_VP/,0,12,4,0,8,0,0,0,2,10,0,6,4,12,8,0,4,0,0,20,12,4,0,0,2,0,0,0,0,0,0,0,2,12,0,4,0,0,0,2,0,0,0,0,0,0,0,0,0,0,0,4,0,0,0,2,4,0,0,6,0,0,0,0,0,0,0,8,0,0,0,0,0,0,0,0,0,0,2,0,0,0,0,0,0,0,0,2,0,0,0,0,0,0,2,2,0,0,0,0
1833,Software Engineering_Java Developer,JP Morgan,https://jobs.jpmorganchase.com/ShowJob/Id/198872/Software-Engineering_Java-Developer/,0,12,4,0,8,0,0,0,2,10,0,6,4,12,8,0,4,0,0,20,12,4,0,0,2,0,0,0,0,0,0,0,2,12,0,4,0,0,0,2,0,0,0,0,0,0,0,0,0,0,0,4,0,0,0,2,4,0,0,6,0,0,0,0,0,0,0,8,0,0,0,0,0,0,0,0,0,0,2,0,0,0,0,0,0,0,0,2,0,0,0,0,0,0,2,2,0,0,0,0
2602,Relationship Banker - Brentwood/Antioch/Pittsburg/Oakley/Discovery Bay  CA,JP Morgan,https://jobs.jpmorganchase.com/ShowJob/Id/170132/Relationship-Banker-Brentwood-Antioch-Pittsburg-Oakley-Discovery-Bay -CA/,1,2,0,0,16,0,3,0,1,11,0,5,1,10,1,0,6,2,0,3,4,3,0,0,0,1,0,0,0,0,1,0,5,5,0,9,0,0,3,2,0,0,0,0,5,0,0,1,0,0,0,1,0,0,1,0,2,0,0,1,0,4,0,0,0,0,0,0,0,1,0,0,0,0,0,0,6,0,0,0,0,0,0,0,0,0,0,0,0,2,3,0,0,1,0,9,0,0,0,0
2871,Private Client Banker - Houston South Central Market (Meyerland) - Houston  TX,JP Morgan,https://jobs.jpmorganchase.com/ShowJob/Id/193909/Private-Client-Banker-Houston-South-Central-Market-(Meyerland)-Houston -TX/,0,7,0,0,21,0,1,1,0,0,0,7,1,22,11,0,0,1,3,10,8,1,0,0,0,0,0,0,0,0,0,0,4,3,1,4,0,0,0,0,0,0,0,2,1,0,1,0,0,0,0,0,0,0,1,0,0,0,0,3,0,5,0,0,0,0,0,2,0,0,0,0,0,0,0,0,0,0,15,0,0,0,0,0,0,0,0,0,0,2,0,0,0,0,3,6,0,2,0,1
2995,Personal Banker - Beaverton - Tigard - Portland - Hillsboro - Cornelius  OR and Surrounding Areas,JP Morgan,https://jobs.jpmorganchase.com/ShowJob/Id/111820/Personal-Banker-Beaverton-Tigard-Portland-Hillsboro-Cornelius -OR-and-Surrounding-Areas/,0,1,0,1,10,1,4,0,0,1,0,3,8,19,4,0,0,2,0,9,8,0,1,5,0,0,0,0,0,0,0,0,8,1,1,6,0,1,0,3,5,0,0,7,2,0,0,0,0,0,0,0,0,0,1,0,0,0,0,2,0,6,0,0,0,1,0,1,0,0,0,0,0,0,0,1,0,0,1,0,0,0,0,0,0,0,0,0,0,2,0,1,0,0,1,11,0,2,0,0
2996,Personal Banker - Beaverton - Tigard - Portland - Hillsboro - Cornelius  OR and Surrounding Areas,JP Morgan,https://jobs.jpmorganchase.com/ShowJob/Id/111819/Personal-Banker-Beaverton-Tigard-Portland-Hillsboro-Cornelius -OR-and-Surrounding-Areas/,0,1,0,1,10,1,4,0,0,1,0,3,8,19,4,0,0,2,0,9,8,0,1,5,0,0,0,0,0,0,0,0,8,1,1,6,0,1,0,3,5,0,0,7,2,0,0,0,0,0,0,0,0,0,1,0,0,0,0,2,0,6,0,0,0,1,0,1,0,0,0,0,0,0,0,1,0,0,1,0,0,0,0,0,0,0,0,0,0,2,0,1,0,0,1,11,0,2,0,0
3114,MILITARY PATHWAYS ANALYST PROGRAM  CORPORATE  AUDIT ANALYST,JP Morgan,https://jobs.jpmorganchase.com/ShowJob/Id/193282/MILITARY-PATHWAYS-ANALYST-PROGRAM--CORPORATE--AUDIT-ANALYST/,0,10,2,0,18,0,8,2,0,0,2,4,0,18,6,0,0,0,0,12,26,4,0,2,0,0,0,0,0,0,0,0,2,2,2,2,0,0,0,0,0,0,0,0,2,0,0,0,0,0,0,0,0,0,0,0,6,0,0,8,0,10,0,0,0,2,0,2,0,0,0,0,0,0,0,2,0,0,0,0,0,0,0,2,0,0,0,0,2,0,0,0,0,0,0,6,0,0,0,0
3115,Military Pathways Analyst Program  Asset Wealth Management   Investment Middle Office Analyst,JP Morgan,https://jobs.jpmorganchase.com/ShowJob/Id/189797/Military-Pathways-Analyst-Program--Asset-Wealth-Management--Investment-Middle-Office-Analyst/,0,10,2,0,18,0,8,2,0,0,2,4,0,18,6,0,0,0,0,12,26,4,0,2,0,0,0,0,0,0,0,0,2,2,2,2,0,0,0,0,0,0,0,0,2,0,0,0,0,0,0,0,0,0,0,0,6,0,0,8,0,10,0,0,0,2,0,2,0,0,0,0,0,0,0,2,0,0,0,0,0,0,0,2,0,0,0,0,2,0,0,0,0,0,0,6,0,0,0,0
3158,Merchant Services - Payment Analytics Strategy & Solutions Associate,JP Morgan,https://jobs.jpmorganchase.com/ShowJob/Id/199179/Merchant-Services-Payment-Analytics-Strategy-Solutions-Associate/,0,5,1,0,25,1,1,1,0,0,0,21,0,8,11,0,0,0,4,15,4,4,1,0,0,0,0,6,0,1,0,0,4,4,0,8,0,0,0,0,0,0,0,1,2,0,0,0,0,0,0,1,0,0,1,0,1,12,0,4,0,1,0,0,0,0,0,1,0,0,1,0,0,0,0,0,0,0,10,0,0,0,3,0,0,0,0,0,0,0,0,0,0,0,2,2,0,0,0,1
3159,Merchant Services - Operations Architecture - Boarding and Implementation Manager,JP Morgan,https://jobs.jpmorganchase.com/ShowJob/Id/175868/Merchant-Services-Operations-Architecture-Boarding-and-Implementation-Manager/,0,5,1,0,25,1,1,1,0,0,0,21,0,8,11,0,0,0,4,15,4,4,1,0,0,0,0,6,0,1,0,0,4,4,0,8,0,0,0,0,0,0,0,1,2,0,0,0,0,0,0,1,0,0,1,0,1,12,0,4,0,1,0,0,0,0,0,1,0,0,1,0,0,0,0,0,0,0,10,0,0,0,3,0,0,0,0,0,0,0,0,0,0,0,2,2,0,0,0,1
3160,Merchant Services- Operations Architecture: Account Servicing Manager- Vice President,JP Morgan,https://jobs.jpmorganchase.com/ShowJob/Id/188982/Merchant-Services-Operations-Architecture-Account-Servicing-Manager-Vice-President/,0,5,1,0,25,1,1,1,0,0,0,21,0,8,11,0,0,0,4,15,4,4,1,0,0,0,0,6,0,1,0,0,4,4,0,8,0,0,0,0,0,0,0,1,2,0,0,0,0,0,0,1,0,0,1,0,1,12,0,4,0,1,0,0,0,0,0,1,0,0,1,0,0,0,0,0,0,0,10,0,0,0,3,0,0,0,0,0,0,0,0,0,0,0,2,2,0,0,0,1
3717,Infrastructure Support Administrator - HP-Unix/Linux,JP Morgan,https://jobs.jpmorganchase.com/ShowJob/Id/200608/Infrastructure-Support-Administrator-HP-Unix-Linux/,0,0,1,0,15,0,5,0,0,0,0,0,0,2,0,0,1,0,3,4,18,0,0,0,0,0,0,0,0,0,0,0,3,10,0,4,0,0,0,1,0,0,0,0,2,0,0,0,0,0,0,1,0,0,0,0,9,0,0,4,0,10,0,0,0,0,0,12,0,0,0,0,0,0,0,0,4,0,0,0,0,0,0,1,0,0,0,1,0,0,2,1,0,0,1,10,0,0,0,1
3736,Infrastructure Engineering - Devops Engineer,JP Morgan,https://jobs.jpmorganchase.com/ShowJob/Id/181030/Infrastructure-Engineering-Devops-Engineer/,0,9,0,28,5,0,0,0,0,0,0,1,1,18,0,5,0,0,0,20,6,1,5,11,0,1,8,4,0,25,0,0,11,0,0,8,0,0,0,1,0,1,0,4,1,0,11,0,0,0,0,0,0,0,0,0,12,0,0,4,5,9,0,0,0,0,0,0,0,0,0,0,0,0,0,0,0,0,1,0,0,0,0,0,0,0,0,0,0,0,0,4,0,0,0,21,0,4,0,0
3769,Infrastructure Developer Mgr - Network Services,JP Morgan,https://jobs.jpmorganchase.com/ShowJob/Id/190380/Infrastructure-Developer-Mgr-Network-Services/,1,4,0,6,23,0,4,1,0,16,0,1,0,0,0,0,3,0,0,6,22,1,0,0,3,0,0,2,0,0,3,0,18,7,0,5,0,0,1,2,1,0,0,0,4,1,0,2,0,1,0,0,0,0,0,0,4,0,1,0,0,12,0,0,0,0,0,5,0,2,0,0,1,0,0,2,1,0,0,0,0,0,0,0,0,0,0,1,0,0,4,1,0,2,1,2,0,0,0,0
3770,Infrastructure Developer Mgr - Network Services,JP Morgan,https://jobs.jpmorganchase.com/ShowJob/Id/190379/Infrastructure-Developer-Mgr-Network-Services/,1,4,0,6,23,0,4,1,0,16,0,1,0,0,0,0,3,0,0,6,22,1,0,0,3,0,0,2,0,0,3,0,18,7,0,5,0,0,1,2,1,0,0,0,4,1,0,2,0,1,0,0,0,0,0,0,4,0,1,0,0,12,0,0,0,0,0,5,0,2,0,0,1,0,0,2,1,0,0,0,0,0,0,0,0,0,0,1,0,0,4,1,0,2,1,2,0,0,0,0
3788,Infrastructure Developer (Splunk) - Vice President,JP Morgan,https://jobs.jpmorganchase.com/ShowJob/Id/187759/Infrastructure-Developer-(Splunk)-Vice-President/,0,9,2,0,14,0,6,0,0,2,0,3,2,6,4,0,1,0,0,14,7,2,0,0,0,0,0,0,0,1,0,0,1,9,0,7,0,0,1,2,0,0,0,0,1,0,0,0,0,0,0,2,0,0,0,1,3,4,0,5,0,6,0,0,0,0,0,5,0,0,0,0,0,0,0,0,3,0,1,0,0,0,0,0,0,0,0,1,0,1,0,1,0,0,2,8,0,0,0,0
3816,Information Security Assessor,JP Morgan,https://jobs.jpmorganchase.com/ShowJob/Id/193561/Information-Security-Assessor/,0,9,3,0,15,0,7,0,0,2,0,4,2,8,6,0,0,0,1,13,11,3,0,0,0,0,3,0,0,2,0,0,1,7,0,3,0,0,0,0,0,0,0,0,0,0,0,0,0,0,0,2,0,0,0,1,5,3,0,5,0,3,0,0,0,0,0,5,0,0,0,0,4,0,0,0,10,0,1,0,0,0,0,1,0,0,0,1,0,0,0,0,0,0,1,7,0,0,1,2
3863,Home Lending Incentive Compensation Manager  VP,JP Morgan,https://jobs.jpmorganchase.com/ShowJob/Id/193371/Home-Lending-Incentive-Compensation-Manager -VP/,0,7,1,2,17,0,10,1,0,6,0,2,0,2,2,0,1,0,0,10,7,1,0,0,8,0,2,0,5,2,3,0,18,4,0,4,0,0,1,0,0,0,0,0,6,0,0,2,0,0,0,1,0,0,0,0,3,0,0,3,0,9,0,0,5,0,0,4,0,0,0,0,2,0,0,0,2,0,0,0,0,0,0,0,0,0,0,0,1,0,3,2,0,0,3,12,0,0,0,0
3865,Home Lending Associate - Coeur D'Alene  ID,JP Morgan,https://jobs.jpmorganchase.com/ShowJob/Id/198679/Home-Lending-Associate-Coeur-D'Alene -ID/,0,6,1,4,19,1,12,1,0,11,0,1,0,2,2,0,0,0,1,13,5,1,0,0,6,1,2,0,6,2,0,0,18,5,0,6,0,0,1,1,0,0,0,0,7,0,0,3,0,0,0,1,0,1,0,0,5,1,0,2,0,9,0,0,6,0,0,3,0,0,0,0,2,0,0,0,1,0,0,0,0,0,0,0,0,0,0,2,0,0,2,2,0,0,3,11,0,0,0,0
3986,Global Information Management - Compliance Manager - VP,JP Morgan,https://jobs.jpmorganchase.com/ShowJob/Id/192224/Global-Information-Management-Compliance-Manager-VP/,0,12,3,0,11,0,7,1,0,3,0,4,2,8,7,0,14,0,2,20,8,3,0,0,3,0,1,0,0,1,3,0,8,10,0,1,0,0,0,0,0,0,0,4,1,0,1,0,0,0,0,1,1,0,0,1,4,0,0,6,0,5,0,0,0,0,0,5,0,0,0,0,1,0,0,0,1,0,1,0,0,0,0,0,0,0,0,1,2,0,1,0,0,0,1,6,0,0,0,0
4054,Full Stack Java Developer - Legal Technology,JP Morgan,https://jobs.jpmorganchase.com/ShowJob/Id/198467/Full-Stack-Java-Developer-Legal-Technology/,17,8,1,0,14,1,1,4,0,11,0,3,3,17,2,0,0,2,0,3,9,2,1,0,0,0,2,0,0,0,0,1,6,6,2,16,0,0,1,7,2,0,0,1,2,0,0,0,0,2,0,0,0,0,1,0,2,0,0,4,1,2,0,0,0,3,1,3,0,0,0,0,0,0,0,0,0,0,0,0,0,0,0,1,0,1,0,0,1,3,3,0,0,0,1,6,0,3,0,0
4055,Full Stack Java Developer-Associate,JP Morgan,https://jobs.jpmorganchase.com/ShowJob/Id/199200/Full-Stack-Java-Developer-Associate/,17,8,1,0,14,1,1,4,0,11,0,3,3,17,2,0,0,2,0,3,9,2,1,0,0,0,2,0,0,0,0,1,6,6,2,16,0,0,1,7,2,0,0,1,2,0,0,0,0,2,0,0,0,0,1,0,2,0,0,4,1,2,0,0,0,3,1,3,0,0,0,0,0,0,0,0,0,0,0,0,0,0,0,1,0,1,0,0,1,3,3,0,0,0,1,6,0,3,0,0
4532,Corporate Wholesale Credit Risk Regulatory and Strategy - Project Manager - VP,JP Morgan,https://jobs.jpmorganchase.com/ShowJob/Id/171234/Corporate-Wholesale-Credit-Risk-Regulatory-and-Strategy-Project-Manager-VP/,0,21,3,0,6,0,0,0,0,2,0,4,2,8,6,0,2,0,0,13,8,3,0,0,0,0,5,0,0,4,2,0,4,9,0,2,0,0,0,0,0,0,0,0,0,0,0,0,0,0,0,1,5,0,0,1,6,0,0,13,0,0,0,1,1,0,2,7,0,0,0,0,2,0,0,0,0,0,1,0,0,0,0,0,0,0,0,1,0,0,0,0,0,0,5,6,0,0,0,0
4533,Corporate Wholesale Credit Risk Regulatory and Strategy - Problem Credit Management - Associate,JP Morgan,https://jobs.jpmorganchase.com/ShowJob/Id/180108/Corporate-Wholesale-Credit-Risk-Regulatory-and-Strategy-Problem-Credit-Management-Associate/,0,21,3,0,7,0,1,0,0,2,0,4,2,8,6,0,1,0,0,13,8,3,0,0,0,0,4,0,0,4,2,0,3,8,0,2,0,0,0,1,0,0,0,0,0,0,0,0,0,0,0,0,4,0,0,1,5,0,0,14,0,0,0,1,1,0,0,6,0,0,0,0,2,0,0,0,0,0,1,0,0,0,0,0,0,0,0,1,0,0,0,0,0,0,6,9,1,0,2,0
4534,Corporate - Vice President  Regulatory Capital Risk Leaders  Securitization and Banking Book Equity,JP Morgan,https://jobs.jpmorganchase.com/ShowJob/Id/169556/Corporate-Vice-President -Regulatory-Capital-Risk-Leaders--Securitization-and-Banking-Book-Equity/,0,21,3,0,6,0,1,0,0,2,0,4,2,8,6,0,1,0,0,12,8,3,0,0,0,0,4,0,0,4,2,0,3,8,0,2,0,0,0,0,0,0,0,0,0,0,0,0,0,0,0,0,4,0,0,1,5,0,0,13,0,0,0,1,1,0,0,6,0,0,0,0,2,0,0,0,0,0,1,0,0,0,0,0,0,0,0,1,0,2,0,0,0,0,5,7,0,0,0,0
4536,Corporate Treasury Middle Office - Finance Analyst,JP Morgan,https://jobs.jpmorganchase.com/ShowJob/Id/197629/Corporate-Treasury-Middle-Office-Finance-Analyst/,0,21,3,0,7,0,1,0,0,2,0,4,2,8,6,0,1,0,0,13,7,3,0,0,0,0,4,0,0,4,2,0,3,7,0,2,0,0,0,1,0,0,0,0,0,0,0,0,0,0,0,0,4,0,0,1,5,0,0,14,0,0,0,1,1,0,0,6,0,0,0,0,2,0,0,0,0,0,1,0,0,0,0,0,0,0,0,1,0,0,0,0,0,0,6,9,1,0,2,0
4538,Corporate Treasury - Finance & Risk Operations - Sr. Associate,JP Morgan,https://jobs.jpmorganchase.com/ShowJob/Id/188166/Corporate-Treasury-Finance-Risk-Operations-Sr.-Associate/,0,22,3,0,7,0,0,0,0,2,0,5,2,9,7,0,2,0,0,14,7,3,0,0,0,0,6,0,0,4,2,0,4,8,0,2,0,0,0,2,0,0,0,0,0,0,0,0,0,0,0,1,5,0,0,1,6,0,0,14,0,3,0,1,1,0,2,7,0,0,0,0,2,0,0,0,0,0,1,0,0,0,0,0,0,0,0,1,0,0,0,0,0,0,7,8,1,0,2,0
4539,Corporate Treasury & CIO  Securities Asset Class Lead - Vice President,JP Morgan,https://jobs.jpmorganchase.com/ShowJob/Id/175955/Corporate-Treasury-CIO--Securities-Asset-Class-Lead-Vice-President/,0,22,3,0,7,0,0,0,0,2,0,5,2,9,7,0,2,0,0,14,7,3,0,0,0,0,6,0,0,4,2,0,4,8,0,2,0,0,0,2,0,0,0,0,0,0,0,0,0,0,0,1,5,0,0,1,6,0,0,14,0,3,0,1,1,0,2,7,0,0,0,0,2,0,0,0,0,0,1,0,0,0,0,0,0,0,0,1,0,0,0,0,0,0,7,8,1,0,2,0
4752,Corporate Compliance - Global Financial Crimes - KYC Policy Manager - Vice President,JP Morgan,https://jobs.jpmorganchase.com/ShowJob/Id/180555/Corporate-Compliance-Global-Financial-Crimes-KYC-Policy-Manager-Vice-President/,0,9,2,0,15,0,4,0,0,0,0,1,0,11,2,0,0,0,15,7,9,4,1,0,0,0,0,1,0,6,1,0,0,4,0,1,0,0,0,1,0,0,0,1,1,0,0,0,0,0,0,1,0,0,0,0,1,2,0,13,0,3,0,0,0,0,0,1,0,0,0,0,0,0,0,1,1,0,0,0,0,0,0,0,0,0,0,1,0,0,0,2,0,0,1,10,0,0,0,0
4767,Corporate Compensation Associate,JP Morgan,https://jobs.jpmorganchase.com/ShowJob/Id/188609/Corporate-Compensation-Associate/,0,8,2,0,12,0,0,1,1,17,0,3,4,6,6,0,3,0,0,11,10,2,0,0,0,0,0,1,0,4,0,0,4,7,0,3,0,0,0,1,0,0,0,0,2,0,0,0,0,0,0,2,0,0,0,1,3,0,0,3,0,7,0,0,0,0,0,4,0,0,0,0,0,0,0,1,2,0,1,0,0,0,0,0,0,0,0,1,0,0,0,0,0,0,1,5,0,0,0,0
4842,Consumer & Community Banking - Financial Analysis  Vice President,JP Morgan,https://jobs.jpmorganchase.com/ShowJob/Id/187749/Consumer-Community-Banking-Financial-Analysis -Vice-President/,0,5,1,0,27,0,0,0,0,0,0,3,2,11,4,0,3,1,0,25,4,1,1,1,0,0,2,0,0,0,0,0,1,3,0,2,0,0,0,4,0,0,0,2,1,0,0,0,0,0,0,2,0,0,0,0,4,0,0,3,0,3,0,0,0,1,0,1,0,0,0,0,0,0,0,2,8,0,0,0,0,0,0,0,0,0,0,0,0,2,1,0,0,0,0,6,0,3,0,0
4843,Consumer & Community Banking - Finance Controls Manager - Associate,JP Morgan,https://jobs.jpmorganchase.com/ShowJob/Id/192390/Consumer-Community-Banking-Finance-Controls-Manager-Associate/,0,5,1,0,27,0,0,0,0,0,0,3,2,11,4,0,3,1,0,25,4,1,1,1,0,0,2,0,0,0,0,0,1,3,0,2,0,0,0,4,0,0,0,2,1,0,0,0,0,0,0,2,0,0,0,0,4,0,0,3,0,3,0,0,0,1,0,1,0,0,0,0,0,0,0,2,8,0,0,0,0,0,0,0,0,0,0,0,0,2,1,0,0,0,0,6,0,3,0,0
4853,Consumer & Community Banking - Control Management - Control Manager (Data & Analytics) - Vice President,JP Morgan,https://jobs.jpmorganchase.com/ShowJob/Id/191100/Consumer-Community-Banking-Control-Management-Control-Manager-(Data-Analytics)-Vice-President/,2,7,1,0,15,2,1,0,0,0,0,2,4,21,3,0,0,4,0,5,8,3,0,0,0,0,1,0,0,1,0,0,11,2,0,6,0,0,0,0,0,0,0,2,2,0,1,0,0,0,0,1,0,0,1,0,2,0,0,3,0,5,0,0,0,2,0,2,0,0,0,0,0,0,0,0,0,0,0,0,0,0,1,1,0,0,0,0,0,4,1,0,0,0,1,7,0,2,1,0
4854,Consumer & Community Banking - Control Management - Control Manager (Conduct Risk / HR) - Vice President,JP Morgan,https://jobs.jpmorganchase.com/ShowJob/Id/189366/Consumer-Community-Banking-Control-Management-Control-Manager-(Conduct-Risk-HR)-Vice-President/,1,5,0,1,15,1,2,0,0,0,0,4,6,21,3,0,0,4,0,5,7,3,0,0,0,0,0,0,0,1,0,0,8,4,0,4,0,2,0,0,8,0,0,1,0,0,1,0,0,0,0,1,0,0,1,0,0,0,0,3,0,3,0,0,0,1,0,1,0,0,0,0,0,0,0,0,0,0,0,0,0,0,0,0,0,0,0,0,0,4,2,0,0,0,0,7,0,2,0,0
4958,Commercial Bank - Trade Support Specialist  Primary Closer - WLS (Newark  DE),JP Morgan,https://jobs.jpmorganchase.com/ShowJob/Id/151952/Commercial-Bank-Trade-Support-Specialist -Primary-Closer-WLS-(Newark -DE)/,1,5,1,3,10,0,2,0,0,0,0,5,2,16,1,0,0,1,1,2,17,0,0,0,0,0,1,1,0,0,0,0,16,0,0,7,0,0,0,1,0,0,0,0,0,0,1,0,0,0,0,1,0,0,0,0,1,0,0,1,0,5,0,0,0,1,0,6,0,0,0,0,0,0,0,0,0,0,1,2,0,0,0,0,0,0,0,0,0,1,0,0,0,0,7,4,0,3,0,0
4959,Commercial Bank - Tech Finance & Business Management  - VP,JP Morgan,https://jobs.jpmorganchase.com/ShowJob/Id/198448/Commercial-Bank-Tech-Finance-Business-Management-VP/,1,5,1,3,10,0,2,0,0,0,0,5,2,16,1,0,0,1,1,2,17,0,0,0,0,0,1,1,0,0,0,0,16,0,0,7,0,0,0,1,0,0,0,0,0,0,1,0,0,0,0,1,0,0,0,0,1,0,0,1,0,5,0,0,0,1,0,6,0,0,0,0,0,0,0,0,0,0,1,2,0,0,0,0,0,0,0,0,0,1,0,0,0,0,7,4,0,3,0,0
5008,Commercial Bank - Middle Market Banking & Specialized Industries - Business Management - Associate,JP Morgan,https://jobs.jpmorganchase.com/ShowJob/Id/192301/Commercial-Bank-Middle-Market-Banking-Specialized-Industries-Business-Management-Associate/,0,9,5,0,8,1,1,1,0,0,0,9,6,24,4,0,0,5,0,3,13,2,4,0,0,0,0,1,0,0,0,0,7,6,2,2,0,0,0,4,1,0,0,8,0,0,0,0,0,0,0,1,0,0,2,0,2,0,0,4,0,5,0,0,0,4,0,1,0,0,0,0,0,1,0,0,0,0,0,0,0,0,0,0,0,0,0,0,0,5,0,0,0,0,1,6,0,0,0,0
5035,Commercial Banking Strategy - Associate,JP Morgan,https://jobs.jpmorganchase.com/ShowJob/Id/136302/Commercial-Banking-Strategy-Associate/,2,10,3,0,18,2,1,0,0,0,0,4,2,21,5,0,0,3,0,4,9,4,1,0,0,0,1,1,0,1,0,0,9,6,0,7,0,0,0,0,0,0,0,0,0,0,1,0,0,0,0,1,0,0,2,0,3,0,0,5,0,4,0,0,0,2,0,3,0,0,0,0,0,0,0,0,0,0,0,0,0,0,0,1,0,0,0,0,0,3,1,0,0,0,1,7,0,3,1,0
5140,Commercial Banking-Client Relationship Manager  Commercial Real Estate (Phoenix  AZ),JP Morgan,https://jobs.jpmorganchase.com/ShowJob/Id/199742/Commercial-Banking-Client-Relationship-Manager -Commercial-Real-Estate-(Phoenix -AZ)/,1,8,2,0,9,0,4,2,0,5,0,5,4,12,4,0,3,1,0,11,21,4,0,0,5,0,0,0,0,3,0,1,9,5,1,9,0,0,0,1,2,0,0,1,1,0,0,0,0,0,0,0,0,0,2,0,4,0,0,3,0,4,0,0,0,1,0,3,0,0,0,0,0,0,0,1,0,0,0,0,0,0,0,2,0,0,0,0,0,2,0,2,0,0,0,11,0,1,0,0
5145,Commercial Banking - Central Insurance Team Insurance Analyst - Wholesale Lending Services - Chicago  IL,JP Morgan,https://jobs.jpmorganchase.com/ShowJob/Id/175019/Commercial-Banking-Central-Insurance-Team-Insurance-Analyst-Wholesale-Lending-Services-Chicago -IL/,1,2,1,0,8,14,9,1,0,4,0,3,5,6,1,0,0,2,2,8,6,2,0,0,0,0,0,0,0,0,0,0,18,8,1,4,0,0,0,0,4,0,0,2,2,0,2,0,2,0,0,1,0,0,2,0,0,0,0,2,0,7,0,0,0,0,0,4,0,0,0,0,0,0,0,0,0,0,0,0,0,0,0,0,0,0,0,1,0,2,3,0,0,0,0,10,0,2,0,0
5152,Commercial Banking - CCBSI Finance & Business Management  Data Governance & Controls  VP,JP Morgan,https://jobs.jpmorganchase.com/ShowJob/Id/200364/Commercial-Banking-CCBSI-Finance-Business-Management--Data-Governance-Controls--VP/,14,2,0,0,12,1,1,0,0,6,0,1,1,3,0,0,0,0,0,8,23,2,0,0,0,0,1,0,0,0,1,0,13,5,0,2,0,0,0,0,1,0,0,0,6,0,0,0,0,1,0,2,0,0,2,0,0,1,0,0,0,3,0,0,0,0,0,2,0,0,0,0,0,0,0,0,1,0,0,0,0,0,0,0,0,0,0,0,0,0,3,0,0,0,1,6,0,1,0,0
5153,Commercial Banking - CCBSI Finance & Business Management  Data Governance & Controls  VP,JP Morgan,https://jobs.jpmorganchase.com/ShowJob/Id/200363/Commercial-Banking-CCBSI-Finance-Business-Management--Data-Governance-Controls--VP/,14,2,0,0,12,1,1,0,0,6,0,1,1,3,0,0,0,0,0,8,23,2,0,0,0,0,1,0,0,0,1,0,13,5,0,2,0,0,0,0,1,0,0,0,6,0,0,0,0,1,0,2,0,0,2,0,0,1,0,0,0,3,0,0,0,0,0,2,0,0,0,0,0,0,0,0,1,0,0,0,0,0,0,0,0,0,0,0,0,0,3,0,0,0,1,6,0,1,0,0
5154,Commercial Banking - CCBSI Finance & Business Management - Analytics & Reporting  Associate,JP Morgan,https://jobs.jpmorganchase.com/ShowJob/Id/200693/Commercial-Banking-CCBSI-Finance-Business-Management-Analytics-Reporting--Associate/,14,2,0,0,12,1,1,0,0,6,0,1,1,3,0,0,0,0,0,8,23,2,0,0,0,0,1,0,0,0,1,0,13,5,0,2,0,0,0,0,1,0,0,0,6,0,0,0,0,1,0,2,0,0,2,0,0,1,0,0,0,3,0,0,0,0,0,2,0,0,0,0,0,0,0,0,1,0,0,0,0,0,0,0,0,0,0,0,0,0,3,0,0,0,1,6,0,1,0,0
5155,Commercial Banking - CCBSI Energy Business Management - VP,JP Morgan,https://jobs.jpmorganchase.com/ShowJob/Id/192799/Commercial-Banking-CCBSI-Energy-Business-Management-VP/,16,3,0,0,14,1,5,0,0,2,0,3,3,7,1,0,0,1,1,8,12,4,0,0,0,1,0,0,0,1,0,0,22,15,0,2,0,0,0,1,0,0,0,0,2,0,0,0,0,0,0,1,1,0,3,0,0,3,0,1,0,4,0,0,0,0,1,2,0,0,0,0,0,0,0,0,2,0,0,0,0,0,0,1,0,0,0,0,0,1,11,1,0,0,2,5,0,2,0,0
5156,Commercial Banking - CCBSI Business Operations Manager - Chicago  IL,JP Morgan,https://jobs.jpmorganchase.com/ShowJob/Id/184370/Commercial-Banking-CCBSI-Business-Operations-Manager-Chicago -IL/,17,1,0,1,11,1,4,0,2,2,0,4,6,10,1,0,0,2,0,7,9,2,0,0,0,0,2,0,0,1,0,0,11,3,0,2,0,0,0,2,6,0,0,0,2,0,0,0,0,1,0,0,0,0,2,0,2,1,0,1,0,2,0,0,0,0,0,1,0,0,0,0,0,0,0,0,0,0,0,0,0,0,0,2,0,0,0,0,0,2,0,1,0,3,0,8,0,1,1,0
5157,Commercial Banking - CB Transformational Team - Finance Associate,JP Morgan,https://jobs.jpmorganchase.com/ShowJob/Id/145816/Commercial-Banking-CB-Transformational-Team-Finance-Associate/,17,1,0,1,11,1,4,0,2,2,0,4,6,10,1,0,0,2,0,7,9,2,0,0,0,0,2,0,0,1,0,0,11,3,0,2,0,0,0,2,6,0,0,0,2,0,0,0,0,1,0,0,0,0,2,0,2,1,0,1,0,2,0,0,0,0,0,1,0,0,0,0,0,0,0,0,0,0,0,0,0,0,0,2,0,0,0,0,0,2,0,1,0,3,0,8,0,1,1,0
5158,Commercial Banking - CB Transformational Team - Finance Associate,JP Morgan,https://jobs.jpmorganchase.com/ShowJob/Id/145817/Commercial-Banking-CB-Transformational-Team-Finance-Associate/,17,1,0,1,11,1,4,0,2,2,0,4,6,10,1,0,0,2,0,7,9,2,0,0,0,0,2,0,0,1,0,0,11,3,0,2,0,0,0,2,6,0,0,0,2,0,0,0,0,1,0,0,0,0,2,0,2,1,0,1,0,2,0,0,0,0,0,1,0,0,0,0,0,0,0,0,0,0,0,0,0,0,0,2,0,0,0,0,0,2,0,1,0,3,0,8,0,1,1,0
5163,Commercial Banking - Business Transformation Project Manager (Convergence) VP,JP Morgan,https://jobs.jpmorganchase.com/ShowJob/Id/181436/Commercial-Banking-Business-Transformation-Project-Manager-(Convergence)-VP/,1,5,0,0,16,0,2,1,0,1,0,3,4,8,1,0,0,2,0,7,24,4,0,0,0,0,0,0,0,2,0,0,5,5,2,4,0,0,0,1,0,0,0,0,2,0,0,0,1,0,0,0,0,0,3,0,1,0,0,1,1,4,0,0,0,1,0,2,0,0,0,0,0,0,0,2,0,0,0,0,0,0,0,0,0,0,0,0,0,2,1,0,0,0,6,14,0,2,0,0
5173,Commercial Banking 3rd Party Data Insights and Product Manager,JP Morgan,https://jobs.jpmorganchase.com/ShowJob/Id/181395/Commercial-Banking-3rd-Party-Data-Insights-and-Product-Manager/,10,3,0,0,15,1,3,0,0,3,0,4,5,10,1,0,0,1,1,4,12,4,0,0,0,0,2,0,0,1,0,0,8,14,0,3,0,1,0,1,2,0,0,2,3,0,0,0,0,0,0,0,0,0,2,0,0,2,0,1,0,6,0,0,0,0,1,2,0,0,0,0,0,0,0,0,2,0,0,0,0,0,0,0,0,0,0,0,0,2,3,0,0,0,1,2,0,1,0,2
5174,Commercial Banking  Corporate Client Banking & Specialized Industries  - Analyst or Associate  Madrid  Spain,JP Morgan,https://jobs.jpmorganchase.com/ShowJob/Id/188109/Commercial-Banking -Corporate-Client-Banking-Specialized-Industries-Analyst-or-Associate--Madrid -Spain/,1,5,1,0,8,0,3,0,0,0,0,4,3,14,3,0,0,1,0,6,22,4,1,0,0,0,1,0,0,1,0,0,4,2,0,2,0,0,0,0,1,0,0,0,1,0,0,0,0,0,0,0,0,0,1,0,2,0,0,3,0,3,0,0,0,1,0,3,0,0,0,0,0,0,0,0,0,0,1,0,0,0,0,1,0,0,0,0,0,1,0,0,0,0,1,10,0,1,0,0
5178,Commercial Bank- Financial Sponsors Group- Executive Administrative Assistant,JP Morgan,https://jobs.jpmorganchase.com/ShowJob/Id/195885/Commercial-Bank-Financial-Sponsors-Group-Executive-Administrative-Assistant/,2,5,4,0,12,2,3,0,0,0,0,3,3,4,2,1,1,2,0,6,17,2,0,0,0,0,1,1,0,3,0,0,5,4,0,2,0,0,0,0,0,0,0,0,1,0,0,0,0,0,0,0,0,0,2,0,5,0,0,2,0,1,0,0,0,0,0,3,0,0,0,0,0,0,0,0,1,0,1,0,0,0,0,1,0,0,0,0,0,2,0,0,0,0,6,13,0,0,0,0
5183,Commercial Banker - Middle Market Banking & Specialized Industries- Multi National Corporations - Vice President - Houston  Texas,JP Morgan,https://jobs.jpmorganchase.com/ShowJob/Id/191703/Commercial-Banker-Middle-Market-Banking-Specialized-Industries-Multi-National-Corporations-Vice-President-Houston -Texas/,1,5,1,0,16,0,6,0,0,0,0,4,7,10,3,0,0,1,2,12,14,3,1,0,0,0,0,0,0,2,0,0,12,5,0,4,0,0,0,2,0,1,0,0,1,0,0,0,1,0,0,0,0,0,3,0,3,1,0,5,0,1,0,1,0,5,0,2,0,0,0,0,0,0,0,2,0,0,0,0,0,0,0,1,0,0,0,0,0,1,2,0,0,0,1,11,0,14,0,0
5187,Commercial Banker - Commercial Banking - Middle Market Banking & Specialized Industries - Associate - Charlotte  NC,JP Morgan,https://jobs.jpmorganchase.com/ShowJob/Id/199906/Commercial-Banker-Commercial-Banking-Middle-Market-Banking-Specialized-Industries-Associate-Charlotte -NC/,0,7,1,2,8,1,1,2,0,5,1,4,13,10,4,0,8,1,0,5,12,4,0,0,2,1,0,0,0,1,0,0,14,6,1,3,0,0,1,1,2,0,0,1,1,0,0,0,0,0,0,1,0,0,2,0,2,0,0,2,0,4,0,0,0,1,0,3,0,0,0,0,0,0,0,0,0,0,0,0,0,0,0,0,0,0,0,0,0,1,0,1,0,0,1,6,0,1,0,0
5188,Commercial Bank - EMEA Finance & Business Manager  VP - International Banking,JP Morgan,https://jobs.jpmorganchase.com/ShowJob/Id/199283/Commercial-Bank-EMEA-Finance-Business-Manager--VP-International-Banking/,0,7,1,2,8,1,1,2,0,5,1,4,13,10,4,0,8,1,0,5,12,4,0,0,2,1,0,0,0,1,0,0,14,6,1,3,0,0,1,1,2,0,0,1,1,0,0,0,0,0,0,1,0,0,2,0,2,0,0,2,0,4,0,0,0,1,0,3,0,0,0,0,0,0,0,0,0,0,0,0,0,0,0,0,0,0,0,0,0,1,0,1,0,0,1,6,0,1,0,0
5197,Commercial Bank- Corporate Client Banking & Specialized Industries - Energy- Senior Administrative Assistant,JP Morgan,https://jobs.jpmorganchase.com/ShowJob/Id/192368/Commercial-Bank-Corporate-Client-Banking-Specialized-Industries-Energy-Senior-Administrative-Assistant/,2,5,4,0,9,2,3,0,0,0,0,3,4,4,2,1,1,2,0,6,17,2,0,0,0,0,1,1,0,3,0,0,5,4,0,2,0,0,0,0,0,0,0,0,1,0,0,0,0,0,0,0,0,0,2,0,5,0,0,2,0,1,0,0,0,0,0,3,0,0,0,0,0,0,0,0,1,0,1,0,0,0,0,1,0,0,0,0,0,2,0,0,0,0,3,13,0,0,0,0
5199,Commercial Bank - Corporate Client Banking & Specialized Industries - Associate,JP Morgan,https://jobs.jpmorganchase.com/ShowJob/Id/192848/Commercial-Bank-Corporate-Client-Banking-Specialized-Industries-Associate/,0,7,2,1,12,0,4,0,0,0,0,7,5,17,4,0,0,2,1,8,14,6,1,0,0,0,0,0,0,3,0,0,3,6,0,0,0,0,0,1,1,0,0,1,1,0,0,0,0,0,0,0,0,0,3,0,1,1,0,3,0,3,0,0,0,0,0,2,0,0,0,0,0,0,0,1,0,0,0,0,0,0,0,0,0,0,0,0,0,2,1,0,0,0,1,8,0,6,0,0
5200,Commercial Bank - Corporate Client Banking & Specialized Industries (CCBSI) -Transformation Senior Associate,JP Morgan,https://jobs.jpmorganchase.com/ShowJob/Id/152795/Commercial-Bank-Corporate-Client-Banking-Specialized-Industries-(CCBSI)-Transformation-Senior-Associate/,0,7,2,1,12,0,4,0,0,0,0,7,5,17,4,0,0,2,1,8,14,6,1,0,0,0,0,0,0,3,0,0,3,6,0,0,0,0,0,1,1,0,0,1,1,0,0,0,0,0,0,0,0,0,3,0,1,1,0,3,0,3,0,0,0,0,0,2,0,0,0,0,0,0,0,1,0,0,0,0,0,0,0,0,0,0,0,0,0,2,1,0,0,0,1,8,0,6,0,0
5201,Commercial Bank  Corporate Client Banking & Specialised Industries  Associate (m/f)  Frankfurt  Germany,JP Morgan,https://jobs.jpmorganchase.com/ShowJob/Id/198854/Commercial-Bank--Corporate-Client-Banking-Specialised-Industries--Associate-(m-f)--Frankfurt -Germany/,0,7,1,1,8,0,3,0,0,0,0,7,4,14,4,0,0,2,0,10,14,5,1,0,0,0,0,0,0,3,0,0,3,4,0,0,0,0,0,0,1,0,0,1,1,0,0,0,0,0,0,0,0,0,3,0,1,1,0,2,0,2,0,0,0,1,0,2,0,0,0,0,0,0,0,2,0,0,0,0,0,0,0,0,0,0,0,0,0,2,0,0,0,0,0,6,0,4,0,0
5202,Commercial Bank  Corporate Client Banking and Specialised Industries (CCBSI)  Treasury Services Manager  Vice President - Paris,JP Morgan,https://jobs.jpmorganchase.com/ShowJob/Id/199060/Commercial-Bank--Corporate-Client-Banking-and-Specialised-Industries-(CCBSI)--Treasury-Services-Manager--Vice-President-Paris/,0,7,1,1,8,0,3,0,0,0,0,7,4,14,4,0,0,2,0,10,14,5,1,0,0,0,0,0,0,3,0,0,3,4,0,0,0,0,0,0,1,0,0,1,1,0,0,0,0,0,0,0,0,0,3,0,1,1,0,2,0,2,0,0,0,1,0,2,0,0,0,0,0,0,0,2,0,0,0,0,0,0,0,0,0,0,0,0,0,2,0,0,0,0,0,6,0,4,0,0
5216,Commercial Bank - Client On-boarding  Implementation Specialist,JP Morgan,https://jobs.jpmorganchase.com/ShowJob/Id/199847/Commercial-Bank-Client-On-boarding -Implementation-Specialist/,0,8,2,5,30,2,0,0,0,4,0,5,5,12,5,0,1,0,0,14,19,2,0,0,0,0,1,1,0,0,0,0,2,12,0,1,0,1,0,1,0,0,0,0,0,0,2,0,0,0,0,0,0,0,0,1,8,0,0,2,0,9,0,0,0,0,1,22,0,0,1,0,0,0,0,2,25,0,1,0,0,0,0,0,0,0,0,1,0,0,2,1,0,0,5,5,0,0,0,0
5217,Commercial Bank - Client On-boarding  Implementation Specialist,JP Morgan,https://jobs.jpmorganchase.com/ShowJob/Id/159562/Commercial-Bank-Client-On-boarding -Implementation-Specialist/,0,8,2,5,30,2,0,0,0,4,0,5,5,12,5,0,1,0,0,14,19,2,0,0,0,0,1,1,0,0,0,0,2,12,0,1,0,1,0,1,0,0,0,0,0,0,2,0,0,0,0,0,0,0,0,1,8,0,0,2,0,9,0,0,0,0,1,22,0,0,1,0,0,0,0,2,25,0,1,0,0,0,0,0,0,0,0,1,0,0,2,1,0,0,5,5,0,0,0,0
5264,Cloud Platform Developer,JP Morgan,https://jobs.jpmorganchase.com/ShowJob/Id/196443/Cloud-Platform-Developer/,0,3,0,0,12,0,4,0,0,1,1,7,5,11,13,0,0,2,2,12,10,2,0,1,0,0,0,2,0,1,0,0,13,8,1,1,0,1,1,2,1,1,0,0,1,0,0,0,0,0,0,0,0,0,2,0,0,4,0,1,0,2,0,0,0,1,0,3,0,0,0,0,2,0,0,0,1,0,0,0,0,0,1,1,0,0,0,0,1,2,2,0,0,0,1,6,0,0,0,0
5265,Cloud Microservices Developer - Vice President,JP Morgan,https://jobs.jpmorganchase.com/ShowJob/Id/188507/Cloud-Microservices-Developer-Vice-President/,0,5,1,0,6,0,4,0,0,1,0,8,2,10,3,0,0,1,5,11,15,2,0,0,0,0,1,2,0,3,0,0,3,3,0,1,0,0,0,3,1,0,0,0,1,0,0,0,2,0,0,0,0,0,1,0,2,0,0,6,0,3,0,0,0,0,0,1,0,0,0,0,1,0,0,0,0,0,0,0,0,0,2,0,0,0,0,0,0,1,2,0,0,0,0,9,0,0,0,0
5274,Cloud Computing - Chaos Engineer,JP Morgan,https://jobs.jpmorganchase.com/ShowJob/Id/195924/Cloud-Computing-Chaos-Engineer/,6,4,1,0,17,0,3,0,0,1,0,8,7,7,7,0,1,1,2,10,16,2,2,0,0,0,0,6,0,1,4,0,18,7,4,3,0,0,0,1,1,0,0,0,4,1,0,0,0,0,0,2,0,0,3,0,4,0,0,3,0,1,0,0,0,1,0,3,0,0,0,0,0,0,0,0,0,0,0,0,0,0,0,1,0,1,1,0,0,1,1,0,0,0,3,4,0,0,0,0
5375,CIB - Treasury Service FIG Sales  France Benelux Sales Associate  (Brussels or Paris),JP Morgan,https://jobs.jpmorganchase.com/ShowJob/Id/194447/CIB-Treasury-Service-FIG-Sales--France-Benelux-Sales-Associate--(Brussels-or-Paris)/,0,3,1,0,9,0,3,0,0,1,0,7,4,10,4,0,0,2,2,7,13,2,1,0,0,0,1,1,0,2,0,0,2,3,1,3,0,0,0,0,0,1,0,0,1,1,0,0,0,0,0,0,0,0,2,0,7,0,0,2,0,3,0,0,0,0,0,16,0,0,0,0,1,0,0,1,1,0,0,0,0,0,0,1,0,0,0,0,0,2,0,2,0,0,2,11,0,1,0,0
5598,CIB Operations - Global Credit Middle Office Trade Support - Associate -  London,JP Morgan,https://jobs.jpmorganchase.com/ShowJob/Id/193545/CIB-Operations-Global-Credit-Middle-Office-Trade-Support-Associate-London/,1,4,2,0,21,0,4,0,0,6,0,4,5,8,2,0,0,1,6,12,6,1,0,0,0,0,0,0,0,2,0,0,1,9,0,3,0,0,5,0,0,0,0,0,2,0,0,1,2,0,0,1,0,0,1,0,2,3,0,2,0,2,0,0,0,0,0,0,0,0,0,0,1,0,0,0,2,0,1,0,0,0,0,1,0,0,0,0,0,1,1,0,0,0,3,4,0,0,0,2
5615,CIB Operations - EMEA Syndicates Middle Office - Associate - London,JP Morgan,https://jobs.jpmorganchase.com/ShowJob/Id/199678/CIB-Operations-EMEA-Syndicates-Middle-Office-Associate-London/,0,4,1,0,15,4,7,0,0,5,0,7,12,9,3,0,1,1,1,13,12,2,0,2,0,0,1,4,0,2,3,0,11,3,1,7,0,0,0,0,0,0,0,2,6,0,0,0,0,1,0,0,0,0,1,0,5,1,0,2,0,6,4,0,0,2,1,1,0,0,0,0,2,0,0,1,0,0,0,0,1,0,0,2,0,0,0,0,0,1,1,1,0,0,0,6,0,4,0,0
5622,CIB Operations - Documentation Management - Business Analysis & Reporting Specialist,JP Morgan,https://jobs.jpmorganchase.com/ShowJob/Id/200973/CIB-Operations-Documentation-Management-Business-Analysis-Reporting-Specialist/,0,3,0,0,14,0,6,0,0,0,0,3,8,8,1,1,0,1,2,12,12,2,0,0,0,0,0,0,0,1,0,0,12,4,0,4,0,0,0,2,0,1,0,0,1,0,0,0,1,0,0,0,0,0,3,0,2,2,0,3,0,0,0,1,1,5,0,1,0,0,0,0,0,0,0,2,0,0,0,0,0,0,0,1,0,0,0,0,0,1,3,0,0,0,1,10,0,14,0,0
5623,CIB - Operations - Direct Custody & Clearing Operations Service Delivery Specialist,JP Morgan,https://jobs.jpmorganchase.com/ShowJob/Id/195926/CIB-Operations-Direct-Custody-Clearing-Operations-Service-Delivery-Specialist/,0,3,0,0,13,2,4,2,0,0,0,8,6,18,4,0,0,7,0,7,7,2,0,0,0,0,0,0,0,0,0,2,8,9,0,1,0,0,0,0,1,0,0,4,2,0,0,0,0,0,0,0,0,0,1,0,2,0,0,5,0,5,0,0,0,0,0,0,0,0,0,0,0,1,0,0,0,0,0,0,0,0,0,0,0,0,0,0,0,7,0,0,0,0,1,5,0,0,0,0
5631,CIB Operations - Corporate Action Associate - HK,JP Morgan,https://jobs.jpmorganchase.com/ShowJob/Id/197424/CIB-Operations-Corporate-Action-Associate-HK/,0,5,2,0,10,0,4,1,0,0,0,7,8,17,4,0,0,5,4,10,7,4,1,0,0,0,0,1,0,2,0,0,8,6,0,1,0,0,1,0,1,0,0,2,3,0,0,0,0,0,0,0,0,0,3,0,2,0,0,5,0,2,0,0,0,0,0,0,0,0,0,0,0,0,0,1,0,0,0,0,0,0,0,0,0,0,0,0,0,5,0,0,0,0,0,8,0,0,0,0
5633,CIB - Operations - Control Management - Associate,JP Morgan,https://jobs.jpmorganchase.com/ShowJob/Id/199211/CIB-Operations-Control-Management-Associate/,0,2,1,0,8,1,2,1,0,2,0,5,4,19,3,0,0,3,0,7,9,1,0,0,0,0,0,0,0,0,0,0,11,7,0,2,0,0,0,2,1,0,0,6,2,0,0,0,0,0,0,0,0,0,0,0,2,0,0,2,0,7,0,0,0,1,0,1,0,0,0,0,0,0,0,0,0,0,1,0,0,0,0,0,0,0,0,0,0,3,0,1,0,0,2,3,0,1,0,0
5635,CIB Operations - Commodities Middle Office (Trader and Sales Support) - Associate,JP Morgan,https://jobs.jpmorganchase.com/ShowJob/Id/193198/CIB-Operations-Commodities-Middle-Office-(Trader-and-Sales-Support)-Associate/,0,9,3,1,14,4,4,1,0,0,0,6,11,16,7,1,0,6,1,13,15,5,0,0,0,0,0,0,0,2,0,0,10,10,0,2,0,0,0,0,1,0,0,4,2,0,2,0,0,0,0,1,0,0,3,0,2,0,0,5,0,1,0,0,0,0,0,1,0,0,0,0,0,1,0,0,0,0,2,0,0,0,0,1,0,0,0,0,0,6,0,0,0,0,3,5,0,1,0,0
5636,CIB Operations - COB/KYC - Quality Control Analyst,JP Morgan,https://jobs.jpmorganchase.com/ShowJob/Id/197639/CIB-Operations-COB-KYC-Quality-Control-Analyst/,0,9,3,1,13,4,3,1,0,0,0,3,9,12,6,1,0,5,1,12,14,4,0,0,0,0,0,0,0,1,0,0,10,9,0,2,0,0,0,0,1,0,0,4,2,0,2,0,0,0,0,1,0,0,2,0,2,0,0,5,0,1,0,0,0,0,0,1,0,0,0,0,0,1,0,0,0,0,2,0,0,0,0,1,0,0,0,0,0,5,0,0,0,0,3,5,0,1,0,0
5696,CIB Operations (Derivatives Ops) - FXPB Middle Office - London - Associate,JP Morgan,https://jobs.jpmorganchase.com/ShowJob/Id/163962/CIB-Operations-(Derivatives-Ops)-FXPB-Middle-Office-London-Associate/,0,14,2,0,19,0,5,0,0,10,0,8,10,7,3,0,0,1,1,26,4,2,0,0,1,0,1,1,0,3,1,0,4,5,0,0,0,0,0,2,0,0,0,0,0,1,0,0,2,3,0,2,0,0,1,0,1,0,0,2,0,1,1,0,0,0,0,1,0,0,0,0,1,0,0,0,3,0,0,0,0,0,0,0,0,0,0,0,0,1,3,2,0,0,2,8,0,3,0,0
5731,CIB - Investor Services - Foreign Exchange Client Manager - Analyst / Associate,JP Morgan,https://jobs.jpmorganchase.com/ShowJob/Id/175191/CIB-Investor-Services-Foreign-Exchange-Client-Manager-Analyst-Associate/,0,5,1,0,19,0,5,0,0,1,0,8,4,7,4,0,1,2,2,39,9,2,1,0,0,0,0,7,0,3,0,0,8,5,0,0,0,0,0,0,1,0,0,0,1,0,0,0,1,1,0,1,0,0,1,0,2,0,0,3,0,0,0,0,0,0,0,2,0,0,0,0,4,0,0,0,0,0,0,0,0,0,0,0,0,0,0,0,0,2,6,0,0,0,2,14,0,2,0,0
5773,CIB  Investment Banking  Corporate Finance Advisory  Analyst,JP Morgan,https://jobs.jpmorganchase.com/ShowJob/Id/198362/CIB--Investment-Banking--Corporate-Finance-Advisory--Analyst/,0,4,0,0,13,0,1,1,0,1,0,5,5,15,2,1,2,2,0,8,10,2,0,1,0,0,3,0,0,5,0,0,1,6,0,1,0,0,0,0,0,0,0,0,0,0,0,0,0,0,0,0,0,0,1,0,2,0,0,6,0,1,0,0,0,0,0,1,0,0,0,0,0,0,0,2,2,0,0,0,0,0,0,0,0,0,0,0,0,2,0,1,0,0,1,8,0,1,2,0
5793,CIB - Global Trade & Loan Products - Trade Sales  Technical Sales - VP - China,JP Morgan,https://jobs.jpmorganchase.com/ShowJob/Id/196654/CIB-Global-Trade-Loan-Products-Trade-Sales -Technical-Sales-VP-China/,0,4,1,0,19,4,8,2,3,5,0,6,8,11,6,0,1,1,0,7,4,3,0,0,5,0,0,1,0,2,0,0,15,2,0,2,0,0,1,0,0,0,0,1,0,0,0,0,0,0,0,3,0,0,1,0,1,0,0,3,0,5,2,0,0,1,0,1,0,0,0,0,0,0,0,0,3,0,0,0,0,0,1,3,0,0,0,0,0,1,4,0,0,1,0,7,0,2,0,0
5806,CIB  Global Credit Research  Vice President,JP Morgan,https://jobs.jpmorganchase.com/ShowJob/Id/190455/CIB--Global-Credit-Research--Vice-President/,0,6,6,0,18,6,2,2,0,4,2,0,12,4,10,0,0,2,0,14,22,2,2,0,0,0,0,6,0,0,0,0,10,16,0,6,0,0,0,2,0,0,0,0,0,0,2,0,0,0,0,2,0,0,2,0,10,0,0,2,0,4,0,0,0,0,8,10,0,0,0,0,0,0,0,0,4,0,2,0,0,0,0,0,0,4,0,0,0,2,2,0,0,0,2,8,0,0,0,0
5848,CIB  Finance & Business Management  Regulatory Reporting  Associate (m/f),JP Morgan,https://jobs.jpmorganchase.com/ShowJob/Id/198763/CIB--Finance-Business-Management--Regulatory-Reporting--Associate-(m-f)/,1,8,2,0,11,0,4,2,0,5,0,4,4,10,4,0,2,1,0,9,19,4,0,0,5,0,0,0,0,3,1,1,13,5,2,9,0,0,0,1,2,0,0,1,3,0,0,0,0,0,0,0,0,0,2,0,3,0,0,3,0,5,0,0,0,1,0,2,0,0,0,0,0,0,0,1,0,0,0,0,0,0,0,0,0,0,0,0,1,2,0,2,0,1,0,12,0,1,0,0
5849,CIB  Finance & Business Management  Regulatory Reporting  Associate (m/f),JP Morgan,https://jobs.jpmorganchase.com/ShowJob/Id/198768/CIB--Finance-Business-Management--Regulatory-Reporting--Associate-(m-f)/,2,8,2,0,11,0,4,2,0,3,0,5,5,12,4,0,3,1,0,10,19,4,0,0,5,1,0,0,0,3,0,1,13,5,1,9,0,0,0,1,2,0,0,1,2,0,0,0,0,0,0,0,0,0,2,0,4,0,0,3,0,4,0,0,0,1,0,2,0,0,0,0,0,0,0,1,0,0,0,0,0,0,0,0,0,0,0,0,0,2,0,2,0,0,1,13,0,1,0,0
5850,CIB Finance & Business Management Recovery & Resolution Associate  Bengaluru,JP Morgan,https://jobs.jpmorganchase.com/ShowJob/Id/195219/CIB-Finance-Business-Management-Recovery-Resolution-Associate -Bengaluru/,2,8,2,0,11,0,4,2,0,3,0,5,5,12,4,0,3,1,0,10,19,4,0,0,5,1,0,0,0,3,0,1,13,5,1,11,0,0,0,1,2,0,0,1,2,0,0,0,0,0,0,0,0,0,2,0,4,0,0,3,0,4,0,0,0,1,0,2,0,0,0,0,0,0,0,1,0,0,0,0,0,0,0,0,0,0,0,0,0,2,0,2,0,0,1,13,0,1,0,0
5853,CIB Finance & BusinessManagement  MarketsExternal Reporting -Associate,JP Morgan,https://jobs.jpmorganchase.com/ShowJob/Id/150380/CIB-Finance-BusinessManagement--MarketsExternal-Reporting-Associate/,0,8,3,0,15,0,1,1,0,1,0,6,4,11,5,0,0,1,0,9,25,3,2,0,0,0,0,0,0,1,0,0,3,6,0,3,0,0,0,0,0,0,0,0,2,0,0,0,1,0,0,1,0,0,1,0,4,1,0,7,0,2,0,0,0,0,0,7,0,0,0,0,0,0,0,1,0,0,1,0,0,0,0,0,0,0,0,0,0,1,0,0,0,0,3,14,2,2,0,0
5854,CIB Finance & Business Management  Equities Trading Business Manager  VP,JP Morgan,https://jobs.jpmorganchase.com/ShowJob/Id/15984/CIB-Finance-Business-Management--Equities-Trading-Business-Manager--VP/,1,4,4,2,17,0,8,0,0,1,0,5,2,14,3,0,2,1,0,6,12,1,1,0,0,0,1,0,0,2,0,0,3,6,0,2,0,0,0,0,0,0,0,0,3,0,0,0,0,1,0,1,0,0,1,0,7,1,0,4,0,7,0,0,0,0,0,13,0,0,0,0,0,0,0,0,2,0,0,0,0,0,0,1,0,0,0,0,0,1,1,0,0,0,5,10,2,1,0,0
5888,CIB - F&BM - LIBOR Transition Program Team - VP,JP Morgan,https://jobs.jpmorganchase.com/ShowJob/Id/193084/CIB-F-BM-LIBOR-Transition-Program-Team-VP/,1,4,0,0,12,0,2,2,0,7,0,3,6,10,1,0,0,1,2,4,11,1,0,0,1,0,2,0,0,1,4,0,5,4,5,1,0,0,1,1,1,0,0,0,1,0,0,0,1,1,0,1,0,0,1,0,3,1,0,7,0,7,0,0,0,0,0,1,0,0,0,0,2,0,0,0,4,0,0,0,0,0,0,0,0,0,0,0,1,1,2,0,0,0,0,9,0,0,0,0
5889,CIB F&BM - Legal Entity Controller - Associate (15months fixed term),JP Morgan,https://jobs.jpmorganchase.com/ShowJob/Id/194091/CIB-F-BM-Legal-Entity-Controller-Associate-(15months-fixed-term)/,1,3,0,0,16,0,2,0,0,0,0,4,6,10,1,0,0,1,1,8,9,1,0,0,0,0,2,0,0,1,5,0,12,6,0,1,0,0,1,3,1,0,0,0,6,0,0,0,0,1,0,0,0,0,1,0,0,0,0,7,0,2,0,0,0,0,0,1,0,0,0,0,0,0,0,0,0,0,0,0,0,0,0,0,0,0,0,0,0,1,1,0,0,0,0,6,0,0,0,0
5893,CIB - F&BM - Latin America TS Sales Business Manager - Associate,JP Morgan,https://jobs.jpmorganchase.com/ShowJob/Id/201115/CIB-F-BM-Latin-America-TS-Sales-Business-Manager-Associate/,0,4,1,0,12,1,5,0,0,1,0,4,2,12,1,0,1,2,6,17,12,3,0,0,0,0,0,0,0,1,0,0,5,2,1,1,0,0,0,1,0,0,0,0,2,0,0,0,0,0,0,1,0,0,3,0,9,0,0,2,0,5,0,0,0,1,0,15,0,0,0,0,1,0,0,1,2,0,0,0,0,0,0,2,0,0,0,1,0,2,3,0,0,0,1,12,0,0,0,1
5978,CIB - Document Review Specialist - Operations Analyst,JP Morgan,https://jobs.jpmorganchase.com/ShowJob/Id/198803/CIB-Document-Review-Specialist-Operations-Analyst/,0,19,0,7,15,0,0,0,0,1,0,36,10,4,1,0,0,2,0,8,5,0,0,0,0,0,0,0,0,0,0,0,17,0,0,12,0,0,0,0,0,0,0,0,6,0,0,0,0,0,0,0,0,0,0,0,2,0,0,1,0,8,0,0,0,1,0,1,0,0,0,0,0,0,0,0,1,0,3,0,0,0,0,3,0,0,0,0,1,2,3,0,0,0,1,10,0,5,0,0
5979,CIB - Document Review Specialist - Operations Analyst,JP Morgan,https://jobs.jpmorganchase.com/ShowJob/Id/198804/CIB-Document-Review-Specialist-Operations-Analyst/,0,19,0,7,15,0,0,0,0,1,0,36,10,4,1,0,0,2,0,8,5,0,0,0,0,0,0,0,0,0,0,0,17,0,0,12,0,0,0,0,0,0,0,0,6,0,0,0,0,0,0,0,0,0,0,0,2,0,0,1,0,8,0,0,0,1,0,1,0,0,0,0,0,0,0,0,1,0,3,0,0,0,0,3,0,0,0,0,1,2,3,0,0,0,1,10,0,5,0,0
6572,CCB - Relationship Banker - Georgia  - Southeast (Snellville),JP Morgan,https://jobs.jpmorganchase.com/ShowJob/Id/193920/CCB-Relationship-Banker-Georgia-Southeast-(Snellville)/,0,13,0,6,13,0,1,2,6,4,5,14,2,9,0,0,0,0,0,7,7,0,0,0,0,0,0,0,0,0,0,0,6,0,0,6,0,0,2,1,0,0,0,0,0,0,0,0,0,0,0,0,0,0,0,0,0,0,0,1,0,2,0,1,0,2,0,0,0,0,0,0,0,0,0,0,0,0,6,0,0,0,0,0,0,0,0,0,0,0,0,0,0,0,2,14,4,0,0,0
6607,CCB - Relationship Banker (Bilingual in English & Mandarin Required) - Fifth Ave and 54th -Boro Brooklyn Southwest Market,JP Morgan,https://jobs.jpmorganchase.com/ShowJob/Id/195704/CCB-Relationship-Banker-(Bilingual-in-English-Mandarin-Required)-Fifth-Ave-and-54th-Boro-Brooklyn-Southwest-Market/,0,1,1,0,15,0,5,2,0,0,0,0,5,10,0,1,0,0,1,12,6,0,0,0,0,0,0,0,0,0,0,0,11,6,0,7,0,1,0,2,0,1,0,0,2,0,0,0,1,0,0,0,0,0,2,0,2,1,0,2,0,1,0,1,0,5,0,1,0,0,0,0,0,0,0,2,0,0,0,0,0,0,0,3,0,0,0,0,0,0,3,0,0,0,1,11,0,11,0,0
6689,CCB - Portfolio Risk Review - Lending Risk Analyst - Tempe  AZ (March 2019),JP Morgan,https://jobs.jpmorganchase.com/ShowJob/Id/194636/CCB-Portfolio-Risk-Review-Lending-Risk-Analyst-Tempe -AZ-(March-2019)/,0,2,0,2,16,0,2,2,0,4,0,0,4,0,8,0,4,2,4,18,8,2,0,0,0,0,4,2,0,2,0,0,2,6,2,2,0,0,0,2,0,0,0,0,2,0,0,0,0,0,0,4,0,0,0,0,8,4,0,0,0,8,0,0,0,0,0,12,0,0,0,0,0,0,0,2,0,0,0,0,0,0,0,18,0,0,0,6,4,2,2,4,0,0,12,30,0,0,4,0
6797,CCB Chase Wealth Management  Financial Advisor  Austin  TX. (William Cannon and Mopac Branch),JP Morgan,https://jobs.jpmorganchase.com/ShowJob/Id/200058/CCB-Chase-Wealth-Management-Financial-Advisor -Austin -TX.-(William-Cannon-and-Mopac-Branch)/,0,12,4,4,20,0,0,0,0,4,0,6,4,12,8,0,6,0,0,26,10,4,0,2,0,0,2,0,0,2,0,0,4,12,0,8,0,0,0,0,0,0,0,0,4,2,0,0,0,0,0,0,0,0,0,2,12,0,0,4,0,6,0,0,0,0,0,10,0,0,0,0,0,0,0,0,4,0,2,0,0,0,0,4,0,0,0,2,0,0,0,0,4,0,2,20,0,0,0,0
6802,CCB - Business Relationship Mgr III - Atlanta  GA,JP Morgan,https://jobs.jpmorganchase.com/ShowJob/Id/142967/CCB-Business-Relationship-Mgr-III-Atlanta -GA/,0,12,4,4,20,0,0,0,0,4,0,6,4,12,8,0,6,0,0,26,10,4,0,2,0,0,2,0,0,2,0,0,4,12,0,8,0,0,0,0,0,0,0,0,4,2,0,0,0,0,0,0,0,0,0,2,12,0,0,4,0,6,0,0,0,0,0,10,0,0,0,0,0,0,0,0,4,0,2,0,0,0,0,4,0,0,0,2,0,0,0,0,4,0,2,20,0,0,0,0
6807,CCB - Branch Manager Trainee - Westchester Central,JP Morgan,https://jobs.jpmorganchase.com/ShowJob/Id/193138/CCB-Branch-Manager-Trainee-Westchester-Central/,1,8,3,4,11,0,0,0,0,2,0,3,2,12,5,0,8,0,0,21,7,2,0,0,5,1,1,0,0,0,0,0,2,7,1,5,0,0,0,1,0,0,0,1,0,0,1,0,0,0,0,1,0,0,0,1,11,0,0,3,1,7,0,0,0,0,0,8,0,0,0,0,0,0,0,0,3,0,1,0,0,0,0,0,0,0,0,1,0,0,1,0,0,1,4,11,0,0,0,0
6941,Business Relationship Mgr III - Business Banking - Grand Rapids MI,JP Morgan,https://jobs.jpmorganchase.com/ShowJob/Id/180993/Business-Relationship-Mgr-III-Business-Banking-Grand-Rapids-MI/,0,7,1,0,13,0,5,0,0,4,0,2,2,16,2,0,0,0,1,19,8,1,0,3,0,0,1,0,0,1,0,0,3,4,0,0,0,0,1,2,0,0,0,1,0,0,1,0,0,0,0,1,0,0,0,0,1,0,0,3,0,6,0,0,0,0,0,1,0,0,0,0,0,0,0,0,1,0,2,0,0,0,0,0,0,0,0,27,0,2,0,0,0,0,4,5,0,1,0,0
6948,Business Relationship Mgr III,JP Morgan,https://jobs.jpmorganchase.com/ShowJob/Id/174526/Business-Relationship-Mgr-III/,0,7,1,0,24,0,4,1,0,2,0,6,1,2,15,1,0,0,3,18,6,3,1,0,0,0,2,3,0,2,0,0,4,4,0,2,0,0,0,1,0,0,0,0,1,0,0,0,0,0,0,1,0,0,1,0,4,0,0,2,0,4,0,0,0,0,0,5,0,0,0,0,2,0,0,1,0,0,5,0,0,0,1,0,0,0,0,20,0,0,0,0,0,0,3,4,0,0,0,0
6961,Business Relationship Mgr I,JP Morgan,https://jobs.jpmorganchase.com/ShowJob/Id/194989/Business-Relationship-Mgr-I/,0,6,1,1,9,1,0,1,0,0,0,2,2,11,2,0,0,1,0,1,12,1,1,0,0,0,0,0,0,0,0,0,6,5,2,10,0,0,0,3,2,0,0,1,0,0,0,0,0,1,0,1,0,0,2,0,2,0,0,4,0,3,1,0,0,2,0,1,0,0,0,0,0,0,0,0,0,0,0,0,0,0,0,1,0,0,0,0,0,1,0,0,0,0,3,3,0,5,0,0
6962,Business Relationship Mgr I,JP Morgan,https://jobs.jpmorganchase.com/ShowJob/Id/194954/Business-Relationship-Mgr-I/,0,6,1,1,9,1,0,1,0,0,0,2,2,11,2,0,0,1,0,1,12,1,1,0,0,0,0,0,0,0,0,0,6,5,2,10,0,0,0,3,2,0,0,1,0,0,0,0,0,1,0,1,0,0,2,0,2,0,0,4,0,3,1,0,0,2,0,1,0,0,0,0,0,0,0,0,0,0,0,0,0,0,0,1,0,0,0,0,0,1,0,0,0,0,3,3,0,5,0,0
6963,Business Relationship Mgr I,JP Morgan,https://jobs.jpmorganchase.com/ShowJob/Id/194923/Business-Relationship-Mgr-I/,0,6,1,1,9,1,0,1,0,0,0,2,2,11,2,0,0,1,0,1,12,1,1,0,0,0,0,0,0,0,0,0,6,5,2,10,0,0,0,3,2,0,0,1,0,0,0,0,0,1,0,1,0,0,2,0,2,0,0,4,0,3,1,0,0,2,0,1,0,0,0,0,0,0,0,0,0,0,0,0,0,0,0,1,0,0,0,0,0,1,0,0,0,0,3,3,0,5,0,0
